timestamp,PortXmitData_mlx5_0_o186i221,PortRcvData_mlx5_0_o186i221,PortXmitPkts_mlx5_0_o186i221,PortRcvPkts_mlx5_0_o186i221,PortXmitWait_mlx5_0_o186i221,PortXmitData_mlx5_1_o186i221,PortRcvData_mlx5_1_o186i221,PortXmitPkts_mlx5_1_o186i221,PortRcvPkts_mlx5_1_o186i221,PortXmitWait_mlx5_1_o186i221,PortXmitData_mlx5_2_o186i221,PortRcvData_mlx5_2_o186i221,PortXmitPkts_mlx5_2_o186i221,PortRcvPkts_mlx5_2_o186i221,PortXmitWait_mlx5_2_o186i221,PortXmitData_mlx5_4_o186i221,PortRcvData_mlx5_4_o186i221,PortXmitPkts_mlx5_4_o186i221,PortRcvPkts_mlx5_4_o186i221,PortXmitWait_mlx5_4_o186i221,PortRcvPkts_sum_o186i221,PortRcvData_sum_o186i221,PortXmitData_sum_o186i221,PortXmitWait_sum_o186i221,PortXmitPkts_sum_o186i221,PortXmitData_mlx5_0_o186i222,PortRcvData_mlx5_0_o186i222,PortXmitPkts_mlx5_0_o186i222,PortRcvPkts_mlx5_0_o186i222,PortXmitWait_mlx5_0_o186i222,PortXmitData_mlx5_1_o186i222,PortRcvData_mlx5_1_o186i222,PortXmitPkts_mlx5_1_o186i222,PortRcvPkts_mlx5_1_o186i222,PortXmitWait_mlx5_1_o186i222,PortXmitData_mlx5_2_o186i222,PortRcvData_mlx5_2_o186i222,PortXmitPkts_mlx5_2_o186i222,PortRcvPkts_mlx5_2_o186i222,PortXmitWait_mlx5_2_o186i222,PortXmitData_mlx5_4_o186i222,PortRcvData_mlx5_4_o186i222,PortXmitPkts_mlx5_4_o186i222,PortRcvPkts_mlx5_4_o186i222,PortXmitWait_mlx5_4_o186i222,PortRcvPkts_sum_o186i222,PortRcvData_sum_o186i222,PortXmitData_sum_o186i222,PortXmitWait_sum_o186i222,PortXmitPkts_sum_o186i222,PortRcvData_sum_aggregate,PortXmitPkts_sum_aggregate,PortXmitWait_sum_aggregate,PortRcvPkts_sum_aggregate,PortXmitData_sum_aggregate
0,117061,150992,1862,2338,0,109438,146517,1604,2203,0,109830,146909,1593,2192,0,108485,145575,1622,2221,0,8954,589993,444814,0,6681,113755,149036,1773,2301,0,105973,143124,1562,2162,0,108818,145930,1614,2213,0,109654,146766,1593,2192,0,8868,584856,438200,0,6542,1174849,13223,0,17822,883014
1,1528,1360,40,29,0,1080,1080,15,15,0,576,576,8,8,0,576,576,8,8,0,60,3592,3760,0,71,1252,1158,32,25,0,576,576,8,8,0,576,576,8,8,0,1094,1116,17,17,0,58,3426,3498,0,65,7018,136,0,118,7258
2,576,576,8,8,0,1087,1098,16,16,0,576,576,8,8,0,576,576,8,8,0,40,2826,2815,0,40,360,360,5,5,0,360,360,5,5,0,360,360,5,5,0,864,864,12,12,0,27,1944,1944,0,27,4770,67,0,67,4759
3,751,647,19,15,0,864,864,12,12,0,513,495,7,7,0,513,495,7,7,0,41,2501,2641,0,45,1183,1079,25,21,0,792,792,11,11,0,1251,1182,20,20,0,1494,1494,22,22,0,74,4547,4720,0,78,7048,123,0,115,7361
4,1610,1429,41,33,0,1314,1303,19,19,0,792,792,11,11,0,828,806,13,13,0,76,4330,4544,0,84,1142,983,33,25,0,360,360,5,5,0,367,378,6,6,0,864,864,12,12,0,48,2585,2733,0,56,6915,140,0,124,7277
5,1142,983,33,25,0,864,864,12,12,0,513,495,7,7,0,520,513,8,8,0,52,2855,3039,0,60,1142,983,33,25,0,367,378,6,6,0,666,630,9,9,0,864,864,12,12,0,52,2855,3039,0,60,5710,120,0,104,6078
6,1142,983,33,25,0,864,864,12,12,0,360,360,5,5,0,360,360,5,5,0,47,2567,2726,0,55,1142,983,33,25,0,378,367,6,6,0,360,360,5,5,0,900,878,14,14,0,50,2588,2780,0,58,5155,113,0,97,5506
7,1574,1415,39,31,0,1296,1296,18,18,0,945,927,13,13,0,945,927,13,13,0,75,4565,4760,0,83,1574,1415,39,31,0,792,792,11,11,0,1098,1062,15,15,0,1296,1296,18,18,0,75,4565,4760,0,83,9130,166,0,150,9520
8,1142,983,33,25,0,864,864,12,12,0,360,360,5,5,0,360,360,5,5,0,47,2567,2726,0,55,1142,983,33,25,0,360,360,5,5,0,378,367,6,6,0,864,864,12,12,0,48,2574,2744,0,56,5141,111,0,95,5470
9,1142,983,33,25,0,882,871,13,13,0,513,495,7,7,0,513,495,7,7,0,52,2844,3050,0,60,1142,983,33,25,0,360,360,5,5,0,684,637,10,10,0,864,864,12,12,0,52,2844,3050,0,60,5688,120,0,104,6100
10,1358,1199,36,28,0,1080,1080,15,15,0,576,576,8,8,0,576,576,8,8,0,59,3431,3590,0,67,1430,1271,37,29,0,576,576,8,8,0,576,576,8,8,0,1080,1080,15,15,0,60,3503,3662,0,68,6934,135,0,119,7252
11,1574,1415,39,31,0,1296,1296,18,18,0,945,927,13,13,0,945,927,13,13,0,75,4565,4760,0,83,1664,1494,41,33,0,810,799,12,12,0,1112,1098,17,17,0,1296,1296,18,18,0,80,4687,4882,0,88,9252,171,0,155,9642
12,1142,983,33,25,0,864,864,12,12,0,360,360,5,5,0,360,360,5,5,0,47,2567,2726,0,55,2510,2279,52,43,0,360,360,5,5,0,459,459,7,7,0,864,864,12,12,0,67,3962,4193,0,76,6529,131,0,114,6919
13,1142,983,33,25,0,914,914,16,16,0,513,495,7,7,0,531,502,8,8,0,56,2894,3100,0,64,1142,1063,33,26,0,360,440,5,6,0,666,710,9,10,0,864,944,12,13,0,55,3157,3032,0,59,6051,123,0,111,6132
14,342936293,111788,338837,5995,242748666,392728104,149717,384657,8337,263878634,297503547,96100,291322,6145,258390624,349959281,125141,342778,6437,194908314,26914,482746,1383127225,959926238,1357594,573828025,316686,564160,13440,687014357,491156847,158551,480871,9319,706885380,443593483,148745,434279,9053,629949304,417748510,129514,408979,7178,501848842,38990,753496,1926326865,2525697883,1888289,1236242,3245883,3485624121,65904,3309454090
15,2560048369,773818,2505804,47951,1898615764,2320961267,668825,2271770,38788,2069017825,2422548681,742204,2371167,46836,1963538542,2683598755,775657,2626745,45019,1829406907,178594,2960504,9987157072,7760579038,9775486,1920896994,595184,1879996,38168,2202781522,1765881688,531232,1728227,33178,2300140003,1533821267,486560,1501046,32123,2157453583,1533945426,465012,1501116,29085,1918502979,132554,2077988,6754545375,8578878087,6610385,5038492,16385871,16339457125,311148,16741702447
16,2575006092,734276,2520422,42031,1895909217,2526172355,720122,2472594,41547,1965490638,2499001107,739529,2445956,44962,1951446858,2667954739,772131,2611347,45393,1862763455,173933,2966058,10268134293,7675610168,10050319,1847202542,578126,1807779,37651,2299366869,1735743952,512685,1698815,30689,2348088169,1618220189,491708,1583682,30873,2094249494,1531582979,460151,1498857,28340,1894964865,127553,2042670,6732749662,8636669397,6589133,5008728,16639452,16312279565,301486,17000883955
17,2431375690,721078,2379768,44021,1936736493,2547283633,724605,2493235,41721,1976292120,2622469694,760372,2566803,44841,1903702657,2660049708,770851,2603577,45694,1852455164,176277,2976906,10261178725,7669186434,10043383,1812265109,561225,1773603,36053,2282114139,1746612129,503044,1709401,29433,2287744778,1609262856,493442,1574924,31495,2012029724,1515740273,448587,1483291,27216,1833720541,124197,2006298,6683880367,8415609182,6541219,4983204,16584602,16084795616,300474,16945059092
18,2523387353,770746,2469844,48756,1984680062,2399096801,696731,2348244,40904,2034135864,2479836515,748692,2427170,46865,2003829239,2708908367,795202,2651450,47514,1831414258,184039,3011371,10111229036,7854059423,9896708,1843204571,593990,1803923,39892,2271543950,1721619417,506614,1684896,30509,2332356064,1587837002,499284,1553856,32623,2078707146,1531042128,474898,1498290,30475,1764377194,133499,2074786,6683703118,8446984354,6540965,5086157,16437673,16301043777,317538,16794932154
19,2535104346,746915,2481312,44755,1909805059,2457994569,716449,2405857,42488,1997059634,2511682999,729430,2458388,43025,1960501520,2664932401,794054,2608367,48688,1907554145,178956,2986848,10169714315,7774920358,9953924,1820010514,558466,1781199,35535,2303645064,1712556390,514896,1676059,32061,2299232185,1599021153,483905,1564850,30304,2153900205,1494378585,463539,1462328,29925,1902943147,127825,2020806,6625966642,8659720601,6484436,5007654,16438360,16434640959,306781,16795680957
20,2492579453,740190,2439874,44113,1946067127,2406015289,686639,2355135,38523,1982858167,2540699207,747935,2486915,44097,1969469956,2631369899,793281,2575642,48572,1874300600,175305,2968045,10070663848,7772695850,9857566,1808974841,565722,1770502,36061,2282423940,1702764783,499387,1666550,29343,2360289377,1595817162,479605,1561759,29293,2071927649,1479025880,451964,1447396,27915,1919003771,122612,1996678,6586582666,8633644737,6446207,4964723,16303773,16406340587,297917,16657246514
21,2479311958,723549,2426742,42896,1907831158,2443225581,709914,2391410,41993,2033011702,2572992352,741191,2518412,43211,1958790046,2667649179,770090,2611046,45345,1901044967,173445,2944744,10163179070,7800677873,9947610,1796948266,546178,1758651,34260,2308501730,1703061854,509396,1666751,31351,2321492825,1556518581,482071,1523226,31152,2062180294,1487033445,439354,1455219,26710,1961496423,123473,1976999,6543562146,8653671272,6403847,4921743,16351457,16454349145,296918,16706741216
22,2522307843,728490,2468761,43019,1891352757,2372714766,669210,2322378,38033,2060236128,2510627099,714081,2457394,41087,1980595791,2638190886,752678,2582236,43259,1921114678,165398,2864459,10043840594,7853299354,9830769,1815248054,554778,1776527,35224,2266806195,1771306614,516907,1733588,30685,2306578400,1618926514,488051,1584344,30184,2139894793,1459966247,430047,1428752,25803,1921655797,121896,1989783,6665447429,8634935185,6523211,4854242,16353980,16488234539,287294,16709288023
23,2606180583,768582,2550922,46176,1902240386,2503998418,708817,2450890,40271,1964671682,2384987217,713968,2334332,44105,2003748022,2696333545,775122,2639129,45429,1870327030,175981,2966489,10191499763,7740987120,9975273,1903172823,595491,1862559,38535,2196181448,1728823517,498904,1692011,29250,2320398349,1567283112,491500,1533763,32031,2131087034,1597535888,475595,1563369,29291,2008465647,129107,2061490,6796815340,8656132478,6651702,5027979,16626975,16397119598,305088,16988315103
24,2354698537,691310,2304757,41607,1813301354,2360474445,661767,2310403,37281,1960014593,2213273183,658579,2166331,39953,1939564759,2476601925,736454,2424042,44665,1803870257,163506,2748110,9405048090,7516750963,9205533,1918593651,574833,1877692,35633,2184578659,1740455182,506685,1703330,30242,2155145039,1537395591,474851,1504507,30551,1914970286,1398497482,443737,1368531,29001,1729496199,125427,2000106,6594941906,7984190183,6454060,4748216,15659593,15500941146,288933,15999989996
25,2474946550,720541,2422452,42421,1920711262,2546723947,703347,2492769,38229,1916047892,2201017437,666618,2154192,42089,2008018180,2494047873,714709,2441058,41784,1811205700,164523,2805215,9716735807,7655983034,9510471,1954724650,577178,1913097,34944,2176739376,1839185343,528214,1800023,30580,2287864038,1618810339,508537,1584137,33168,2048990129,1594829683,478233,1560667,29652,1677717673,128344,2092162,7007550015,8191311216,6857924,4897377,16368395,15847294250,292867,16724285822
26,2725880153,762556,2668074,42763,1700717390,2560050573,726168,2505727,41420,1820075438,2405837909,701413,2354792,41417,1744902791,2493613998,720422,2440696,42057,1607511787,167657,2910559,10185382633,6873207406,9969289,2062472809,612936,2018575,37168,1984628489,1899341891,557119,1858829,33594,1985932120,1213154514,358450,1187214,21518,1198890640,1340772944,414412,1312036,26413,1538458368,118693,1942917,6515742158,6707909617,6376654,4853476,16345943,13581117023,286350,16701124791
27,2544618007,715489,2490622,40333,1597335528,2424892973,699601,2373442,40996,1581823552,2501315372,699047,2448262,39044,1598511435,2519074039,705888,2465597,39799,1568277910,160172,2820025,9989900391,6345948425,9777923,2148949755,624522,2103266,36933,1818122404,1596134359,474834,1562051,28937,1675138097,1180069445,345935,1154821,20783,1139490834,1430429642,424291,1399884,25879,1414669071,112532,1869582,6355583201,6047420406,6220022,4689607,15997945,12393368831,272704,16345483592
28,2413431133,652371,2362280,34658,1331675869,2585419034,704552,2530584,37932,1387509687,2614834187,718516,2559420,39210,1391448463,2092084582,589070,2047753,33114,1268537405,144914,2664509,9705768936,5379171424,9500037,2205789079,616177,2158894,34422,1601665277,1664053017,474751,1628560,27459,1538998687,1216642645,336551,1190731,18576,954365786,1476845461,414701,1445405,23201,1133344171,103658,1842180,6563330202,5228373921,6423590,4506689,15923627,10607545345,248572,16269099138
29,2303414360,655366,2254549,37375,1258092978,2314185622,632198,2265126,33936,1338556404,2752307595,747997,2693951,40003,1375043376,1805624633,503993,1767269,28254,1157952193,139568,2539554,9175532210,5129644951,8980895,2231054890,641051,2183611,37282,1491949831,1667996496,474547,1632501,27273,1453943055,1173037145,334975,1148055,19143,976995300,1458809658,412885,1427762,23413,1193973389,107111,1863458,6530898189,5116861575,6391929,4403012,15372824,10246506526,246679,15706430399
30,1843430023,504618,1804374,27112,998531983,1740476592,477198,1703560,25680,1076008480,3061286338,822458,2996405,42987,1136096197,1886144061,522031,1846135,28722,1028640220,124501,2326305,8531337014,4239276880,8350474,2306518263,627581,2257553,33515,1299372574,1596021327,445623,1562099,24742,1242857948,1206794124,333778,1181133,18346,810232032,1493115411,418420,1461324,23404,985266674,100007,1825402,6602449125,4337729228,6462109,4151707,14812583,8577006108,224508,15133786139
31,1858717373,493818,1819370,25421,849359254,1814908177,486498,1776454,25261,930546858,1968822067,525765,1927102,27079,957385737,1772215456,482615,1734637,25692,908394478,103453,1988696,7414663073,3645686327,7257563,2120343273,574752,2075397,30294,929418028,1494948862,407063,1463167,21763,893302352,1050670251,280815,1028353,14480,616325688,1224812717,335252,1198783,18097,751215419,84634,1597882,5890775103,3190261487,5765700,3586578,13023263,6835947814,188087,13305438176
32,1963244934,517535,1921686,26003,689601751,1897531563,496676,1857279,24964,710657377,1722639460,452047,1686090,22902,699156189,1868898072,491000,1829294,24539,711521013,98408,1957258,7452314029,2810936330,7294349,839906938,222493,822098,11316,436303238,927747916,244768,908073,12366,456149799,993465542,262775,972373,13378,537807484,978938241,260022,958153,13251,508210554,50311,990058,3740058637,1938471075,3660697,2947316,10955046,4749407405,148719,11192372666
33,1952483185,512713,1911100,25834,625973916,1793313896,470745,1755334,23290,612575402,1590774403,419992,1557065,21125,629608535,1880326033,493451,1840487,24988,699246790,95237,1896901,7216897517,2567404643,7063986,845855590,226899,827897,11701,516717856,970498620,257572,949895,13239,550810903,993714610,263454,972631,13438,531160534,1014996429,270945,993480,13844,564424629,52222,1018870,3825065249,2163113922,3743903,2915771,10807889,4730518565,147459,11041962766
34,1869266663,489573,1829693,24373,752122582,1800664184,471709,1762509,23709,729514177,1696263235,448283,1660277,22810,713709901,1777012263,469354,1739341,23775,706994659,94667,1878919,7143206345,2902341319,6991820,825242081,217871,807742,10972,453484971,890327679,235334,871458,11754,416866168,991596805,264252,970545,13588,529176046,1027070725,272024,1005247,13952,535155562,50266,989481,3734237290,1934682747,3654992,2868400,10646812,4837024066,144933,10877443635
35,1863255356,489183,1823814,24248,584208489,1739364194,453717,1702514,22356,509359140,1654436910,431071,1619379,21435,577130710,1756779534,457250,1719562,22624,612880955,90663,1831221,7013835994,2283579294,6865269,793278295,208352,776473,10405,391536823,907205575,238634,887963,12115,404335541,970498952,255731,949902,12880,474217983,987377785,260891,966434,13082,480493640,48482,963608,3658360607,1750583987,3580772,2794829,10446041,4034163281,139145,10672196601
36,1901555751,497977,1861269,24921,672457770,1708922584,450160,1672711,22712,619082257,1526786810,404280,1494406,20675,694296990,1786008504,469090,1748135,23580,761910347,91888,1821507,6923273649,2747747364,6776521,801717363,215342,784725,11169,501754512,890327040,234835,871427,11889,487698306,987377064,262715,966415,13539,565594115,1008475154,268100,987054,13688,553311271,50285,980992,3687896621,2108358204,3609621,2802499,10386142,4856105568,142173,10611170270
37,1948783902,510967,1907490,25609,682232743,1717361530,449899,1680958,22490,563550758,1649848446,430765,1614889,21479,647448605,1745928908,457034,1708941,22768,651978809,92346,1848665,7061922786,2545210915,6912278,852351708,227587,834258,11787,444902209,893498298,235935,874561,11901,414146383,980752727,259569,959964,13124,417941050,983157956,259131,962304,12981,500636871,49793,982222,3709760689,1777626513,3631087,2830887,10543365,4322837428,142139,10771683475
38,2043581508,539619,2000273,27434,807186583,1725800792,455201,1689205,23055,737802974,1683036127,444239,1647343,22497,733790805,1817906761,472972,1779385,23563,677746877,96549,1912031,7270325188,2956527239,7116206,831254269,221769,813628,11420,517726924,915330658,239525,895910,12021,461846618,995915642,266319,974774,13816,539279414,1000036300,267522,978808,13722,622373010,50979,995135,3742536869,2141225966,3663120,2907166,10779326,5097753205,147528,11012862057
39,1932363949,506374,1891455,25118,669064428,1772216623,463933,1734669,23225,669720823,1535920598,406232,1503380,20585,658847994,1827472185,478808,1788759,23926,670057378,92854,1855347,7067973355,2667690623,6918263,754286289,201676,738340,10164,481140340,873645766,230668,855088,11547,466038686,955064172,252383,934796,12844,564082118,1016914628,267523,995316,13627,525349565,48182,952250,3599910855,2036610709,3523540,2807597,10441803,4704301332,141036,10667884210
40,1897379893,496520,1857234,24609,648745236,1810192077,474733,1771841,23665,655660005,1624530895,423541,1590096,21184,611780615,1775879987,466556,1738204,23439,653900148,92897,1861350,7107982852,2570086004,6957375,856798387,227455,838631,11588,498635662,896647202,236232,877620,12035,431693212,1000035907,265972,978817,13556,504701088,970499258,257572,949927,12985,541474658,50164,987231,3723980754,1976504620,3644995,2848581,10602370,4546590624,143061,10831963606
41,1918625855,509115,1877989,25929,883407403,1783714946,471232,1745928,23772,759618845,1626737904,433596,1592281,22170,835275300,1860826312,489628,1821382,24630,799189906,96501,1903571,7189905017,3277491454,7037580,784060063,214399,767429,11379,531022844,925944849,246829,906278,12657,492743286,987376879,264467,966387,13890,572503545,1008475208,268292,987068,13796,550109682,51722,993987,3705856999,2146379357,3627162,2897558,10664742,5423870811,148223,10895762016
42,1968145590,513375,1926458,25547,698942648,1806067981,471424,1767799,23509,633703666,1554161590,407836,1521186,20652,693975334,1798834363,472805,1760715,23837,679916199,93545,1865440,7127209524,2706537847,6976158,810156860,214998,792978,10961,433073762,881681210,231704,862992,11611,437224709,955887323,255437,935606,13042,515933061,995816870,263919,974693,13350,516260570,48964,966058,3643542263,1902492102,3566269,2831498,10542427,4609029949,142509,10770751787
43,1814844077,475821,1776439,23734,679574636,1696294374,446664,1660369,22146,617852170,1578116076,413085,1544675,20448,584921073,1587384920,418968,1553760,21167,595137582,87495,1754538,6676639447,2477485461,6535243,816236976,215836,798970,10757,442429007,933154185,245293,913389,12204,435685545,1022532727,268137,1000827,13567,484406699,983158440,261508,962307,13285,526165677,49813,990774,3755082328,1888686928,3675493,2745312,10210736,4366172389,137308,10431721775
44,1427901425,380356,1397660,19046,571806494,1469033766,391108,1437920,19737,530709067,1358699189,358157,1329907,18088,583028909,1182284306,312437,1157232,15546,533657107,72417,1442058,5437918686,2219201577,5322719,964115686,253656,943693,12737,435553084,1049516376,277205,1027267,14110,449333367,1232196290,324207,1206081,16187,499732939,1217555247,321505,1191732,16232,516100771,59266,1176573,4463383599,1900720161,4368773,2618631,9691492,4119921738,131683,9901302285
45,911426013,240751,892127,12263,456070563,935036645,244637,915197,12190,386744774,1198355439,317597,1172946,16145,523000239,962807971,256121,942393,13074,476962303,53672,1059106,4007626068,1842777879,3922663,1154724595,303241,1130278,15074,467493730,1369018366,357528,1339960,17820,490685503,1471593996,385679,1440340,19305,504108149,1478146684,390499,1446785,19787,534689572,71986,1436947,5473483641,1996976954,5357363,2496053,9280026,3839754833,125658,9481109709
46,902987222,237287,883876,11815,355367671,869231658,231494,850829,11684,349422320,1236198486,324110,1210010,16186,472083737,936747522,247751,916909,12577,438278882,52262,1040642,3945164888,1615152610,3861624,1173899693,306753,1149005,15284,479351510,1375910947,360076,1346737,17913,512588425,1459967651,380869,1429005,18855,502838597,1514824069,399160,1482721,20005,514321709,72057,1446858,5524602360,2009100241,5407468,2487500,9269092,3624252851,124319,9469767248
47,922451158,243254,902932,12077,344579452,907206319,237840,887984,11786,324023898,1050140931,273470,1027874,13492,388078926,884378266,231142,865640,11398,340383287,48753,985706,3764176674,1397065563,3684430,1135062605,297739,1111026,14828,450500109,1305761039,338922,1278090,16760,435524248,1489504574,386509,1457908,19055,487495882,1461551239,383966,1430591,19120,458570200,69763,1407136,5391879457,1832090439,5277615,2392842,8962045,3229156002,118516,9156056131
48,608797714,161746,595904,8090,235106386,717326176,188841,702134,9431,283731010,852351640,222236,834295,10910,306315268,708886590,184822,693867,9119,293286939,37550,757645,2887362120,1118439603,2826200,1202575230,314170,1177088,15594,362622528,1372932996,357190,1343801,17631,413212659,1552502796,404909,1519599,20104,394860630,1533374069,398977,1500842,19744,389874922,73073,1475246,5661385091,1560570739,5541330,2232891,8367530,2679010342,110623,8548747211
49,506608045,133454,495918,6528,150764583,784839545,205746,768230,10083,253755855,683569839,180203,669100,8811,255235732,658253409,172679,644325,8451,216130887,33873,692082,2633270838,875887057,2577573,1341821126,350397,1313397,17237,383974704,1426211322,371115,1395971,18281,408159427,1637189532,425131,1602479,20958,445366298,1668404083,434662,1633052,21409,432439699,77885,1581305,6073626063,1669940128,5944899,2273387,8522472,2545827185,111758,8706896901
50,125797413,35365,123185,1640,60184957,438835843,117824,429570,5717,162261366,459932953,122021,450198,5950,182857276,451494130,119931,441952,5767,167120217,19074,395141,1476060339,572423816,1444905,1683605765,438461,1647964,21583,393001497,1780654492,461628,1742911,22688,411879472,1890363274,492157,1850315,24225,434979347,1862680646,483346,1823183,23734,442531148,92230,1875592,7217304177,1682391464,7064373,2270733,8509278,2254815280,111304,8693364516
51,2191,1352,70,31,0,84392368,23138,82618,1077,25136134,109709412,29494,107396,1415,29473964,109709452,30559,107400,1446,36407116,3969,84543,303813423,91017214,297484,1831290638,477439,1792528,23405,419480374,2046486551,531957,2003107,26141,377759756,2103344257,547208,2058780,26959,423035181,2166424786,561699,2120532,27516,370781779,104021,2118303,8147546232,1591057090,7974947,2202846,8272431,1682074304,107990,8451359655
52,1142,1063,33,26,0,864,944,12,13,0,432,512,6,7,0,360,440,5,6,0,52,2959,2798,0,56,1692044408,438150,1656213,21413,340721001,1974754102,510770,1932899,24913,296412964,1811467531,468594,1773042,22943,324763091,1862414070,483468,1822927,23647,340437135,92916,1900982,7340680111,1302334191,7185081,1903941,7185137,1302334191,92968,7340682909
53,1295,1118,35,27,0,864,864,12,12,0,432,432,6,6,0,513,495,7,7,0,52,2909,3104,0,60,1396675328,363117,1367102,17797,271390891,1713140987,443966,1676804,21892,256951481,1670945820,433015,1635526,21254,300029216,1760395931,456402,1723124,22350,309485475,83293,1696500,6541158066,1137857063,6402556,1699409,6402616,1137857063,83345,6541161170
54,1358,1199,36,28,0,1080,1080,15,15,0,1944,1872,27,26,0,576,576,8,8,0,77,4727,4958,0,86,1379797337,357318,1350585,17448,264623695,1611257145,416957,1577112,20363,232238683,1569542209,407260,1536295,19901,274985442,1568318581,407134,1535074,19941,292956654,77653,1588669,6128915272,1064804474,5999066,1593396,5999152,1064804474,77730,6128920230
55,1529,1341,39,31,0,1098,1087,16,16,0,576,576,8,8,0,747,718,11,11,0,66,3722,3950,0,74,1312284300,342267,1284498,16757,288285525,1622477271,421131,1588101,20582,241306618,1492894762,386257,1461270,18929,292249554,1594035580,413541,1560239,20211,279928383,76479,1563196,6021691913,1101770080,5894108,1566918,5894182,1101770080,76545,6021695863
56,1142,983,33,25,0,864,864,12,12,0,360,360,5,5,0,360,360,5,5,0,47,2567,2726,0,55,1075988779,279305,1053210,13644,204669367,1321760270,343592,1293719,16855,181543025,1379796281,357568,1350552,17500,225345707,1447309737,375331,1416640,18374,252775378,66373,1355796,5224855067,864333477,5114121,1358363,5114176,864333477,66420,5224857793
57,1295,1118,35,27,0,864,864,12,12,0,360,360,5,5,0,513,495,7,7,0,51,2837,3032,0,59,974719595,253381,954093,12402,180329814,1008474757,261285,987089,12798,146771151,1472626452,380644,1441400,18647,221934819,1472626747,381796,1441417,18643,206778394,62490,1277106,4928447551,755814178,4823999,1279943,4824058,755814178,62541,4928450583
58,2934,2471,77,53,0,1296,1296,18,18,0,792,792,11,11,0,792,792,11,11,0,93,5351,5814,0,117,948659399,245691,928546,12023,199358602,957840577,248573,937539,12157,167405914,1354479107,352103,1325771,17218,244934114,1362918871,353144,1334040,17258,238049485,58656,1199511,4623897954,849748115,4525896,1204862,4526013,849748115,58749,4623903768
59,1625,1334,44,30,0,1080,1080,15,15,0,576,576,8,8,0,729,711,10,10,0,63,3701,4010,0,77,932523986,243094,912789,11870,206781864,953620709,246964,933394,12138,149216871,1401923510,362957,1372224,17742,243951469,1333381323,346305,1305115,16905,253257429,58655,1199320,4621449528,853207633,4523522,1203021,4523599,853207633,58718,4621453538
60,1142,983,33,25,0,864,864,12,12,0,360,360,5,5,0,360,360,5,5,0,47,2567,2726,0,55,951824197,248537,931684,12226,189703414,991596633,256748,970576,12541,158590286,1255804216,324888,1229168,15884,189356856,1303844420,338001,1276206,16524,233895590,57175,1168174,4503069466,771546146,4407634,1170741,4407689,771546146,57222,4503072192
61,1295,1118,35,27,0,864,864,12,12,0,360,360,5,5,0,513,495,7,7,0,51,2837,3032,0,59,1013949915,261952,992458,12827,186053015,970498942,251650,949930,12345,133337665,1514822140,392038,1482709,19190,219015401,1314362870,341198,1286524,16663,220990204,61025,1246838,4813633867,759396285,4711621,1249675,4711680,759396285,61076,4813636899
62,1358,1199,36,28,0,1080,1080,15,15,0,576,576,8,8,0,576,576,8,8,0,59,3431,3590,0,67,860791606,225188,842580,10929,154084458,911425126,236453,892100,11560,114640344,1228439667,318858,1202417,15528,170352509,1102899583,286143,1079511,13984,168577694,52001,1066642,4103555982,607655005,4016608,1070073,4016675,607655005,52060,4103559572
63,2337,1957,68,50,0,1080,1080,15,15,0,576,576,8,8,0,729,755,10,12,0,85,4368,4722,0,101,763741521,198512,747574,9735,171409693,881200161,228494,862555,11140,141424165,1028799228,266819,1006985,13059,174239635,999377577,259843,978221,12665,198801558,46599,953668,3673118487,685875051,3595335,958036,3595436,685875051,46684,3673123209
64,1295,1118,35,27,0,864,864,12,12,0,360,360,5,5,0,513,495,7,7,0,51,2837,3032,0,59,738424103,192518,722801,9394,137380715,894547046,231834,875587,11330,118051853,1102164881,285339,1078800,13942,166986809,1004255928,260903,982972,12762,166149243,47428,970594,3739391958,588568620,3660160,973431,3660219,588568620,47479,3739394990
65,3085,1199,115,28,0,1080,1080,15,15,0,360,360,5,5,0,360,1446,5,55,0,103,4085,4885,0,140,763744566,201842,747701,9776,98807359,683569395,177840,669089,8655,89167868,981377135,255681,960584,12399,134663590,843913657,221303,826046,10706,146632489,41536,856666,3272604753,469271306,3203420,860751,3203560,469271306,41639,3272609638
66,56314,24496,2465,933,0,5945,12552,79,402,0,5194,5653,71,71,0,6479,40816,86,1714,0,3120,83517,73932,0,2701,59137224,72573,60664,3203,12101468,282716056,79877,276792,3635,18171723,5642,6728,79,79,0,67519568,24806,66164,940,4759203,7857,183984,409378490,35032394,403699,267501,406400,35032394,10977,409452422
67,1376,1206,37,29,0,1098,1087,16,16,0,576,576,8,8,0,612,590,10,10,0,63,3459,3662,0,71,2020,1741,60,47,0,378,367,6,6,0,513,495,7,7,0,1008,1008,14,14,0,74,3611,3919,0,87,7070,158,0,137,7581
68,1511,1334,38,30,0,1080,1080,15,15,0,576,576,8,8,0,729,711,10,10,0,63,3701,3896,0,71,1568,1334,41,30,0,576,576,8,8,0,729,711,10,10,0,1080,1080,15,15,0,63,3701,3953,0,74,7402,145,0,126,7849
69,1358,1199,36,28,0,1080,1080,15,15,0,576,576,8,8,0,576,576,8,8,0,59,3431,3590,0,67,1430,1271,37,29,0,576,576,8,8,0,576,576,8,8,0,1080,1080,15,15,0,60,3503,3662,0,68,6934,135,0,119,7252
70,1511,1334,38,30,0,1080,1080,15,15,0,576,576,8,8,0,729,711,10,10,0,63,3701,3896,0,71,1583,1406,39,31,0,576,576,8,8,0,729,711,10,10,0,1087,1098,16,16,0,65,3791,3975,0,73,7492,144,0,128,7871
71,1188,1109,35,28,0,864,944,12,13,0,360,440,5,6,0,360,440,5,6,0,53,2933,2772,0,57,2556,2405,54,46,0,360,440,5,6,0,360,440,5,6,0,882,951,13,14,0,72,4236,4158,0,77,7169,134,0,125,6930
72,1295,1415,35,36,0,864,1161,12,21,0,385,649,7,15,0,531,733,8,15,0,87,3958,3075,0,62,1295,1415,35,36,0,360,657,5,14,0,513,792,7,16,0,864,1161,12,21,0,87,4025,3032,0,59,7983,121,0,174,6107
73,1358,1496,36,37,0,1080,1410,15,25,0,576,873,8,17,0,576,906,8,18,0,97,4685,3590,0,67,1358,1529,36,38,0,648,978,9,19,0,576,906,8,18,0,1087,1428,16,26,0,101,4841,3669,0,69,9526,136,0,198,7259
74,1511,1577,38,37,0,1080,1290,15,21,0,576,852,8,16,0,736,1005,11,19,0,93,4724,3903,0,72,1518,1562,39,37,0,648,858,9,15,0,729,921,10,16,0,1080,1290,15,21,0,89,4631,3975,0,73,9355,145,0,182,7878
